date,open,high,low,close,bull_count,bear_count,bully,beary,holloway_bull_signal,holloway_bear_signal,bull_strength_signal,bear_strength_signal,reversal_signal,weakness_signal,bull_slowing,bear_slowing,bully_over_beary,bully_at_resistance,beary_at_resistance,bully_at_support,beary_at_support,bull_double_failure,bear_double_failure,holloway_bull_signal_raw,holloway_bear_signal_raw,holloway_days_bull_over_avg,holloway_days_bull_under_avg,holloway_days_bear_over_avg,holloway_days_bear_under_avg,source_file
2000-02-01,0.9711,1.0089,0.9401,0.9635,6.0,3.0,,,False,False,False,False,False,False,False,False,False,False,False,False,False,False,False,False,False,0,0,0,0,EURUSD_monthly_complete_holloway.csv
2000-03-01,0.9635,0.9793,0.9478,0.9552,11.399999999999999,11.7,,,False,False,False,False,False,False,False,False,False,False,False,False,False,False,False,False,False,0,0,0,0,EURUSD_monthly_complete_holloway.csv
2000-04-01,0.9562,0.9749,0.903,0.9117,10.2,31.499999999999996,,,False,False,False,False,False,False,False,False,False,False,False,False,False,False,False,False,False,0,0,0,0,EURUSD_monthly_complete_holloway.csv
2000-05-01,0.912,0.9412,0.8844,0.937,9.0,43.2,,,False,False,False,False,False,False,False,False,False,False,False,False,False,False,False,False,False,0,0,0,0,EURUSD_monthly_complete_holloway.csv
2000-06-01,0.937,0.97,0.9284,0.9523,22.8,38.4,,,False,False,False,False,False,False,False,False,False,False,False,False,False,False,False,False,False,0,0,0,0,EURUSD_monthly_complete_holloway.csv
2000-07-01,0.9524,0.9599,0.9192,0.9266,20.099999999999998,48.599999999999994,,,False,False,False,False,False,False,False,False,False,False,False,False,False,False,False,False,False,0,0,0,0,EURUSD_monthly_complete_holloway.csv
2000-08-01,0.9267,0.9293,0.8841,0.8886,17.4,60.30000000000001,,,False,False,False,False,False,False,False,False,False,False,False,False,False,False,False,False,False,0,0,0,0,EURUSD_monthly_complete_holloway.csv
2000-09-01,0.8886,0.904,0.8439,0.8842,14.7,73.20000000000002,,,False,False,False,False,False,False,False,False,False,False,False,False,False,False,False,False,False,0,0,0,0,EURUSD_monthly_complete_holloway.csv
2000-10-01,0.8841,0.8858,0.8227,0.8484,12.000000000000002,81.00000000000001,,,False,False,False,False,False,False,False,False,False,False,False,False,False,False,False,False,False,0,0,0,0,EURUSD_monthly_complete_holloway.csv
2000-11-01,0.8488,0.8796,0.8372,0.8724,11.7,86.7,,,False,False,False,False,False,False,False,False,False,False,False,False,False,False,False,False,False,0,0,0,0,EURUSD_monthly_complete_holloway.csv
2000-12-01,0.8727,0.943,0.8701,0.9424,26.7,72.3,,,False,False,False,False,False,False,False,False,False,False,False,False,False,False,False,False,False,0,0,0,0,EURUSD_monthly_complete_holloway.csv
2001-01-01,0.9421,0.9596,0.9115,0.9377,38.099999999999994,57.60000000000001,,,False,False,False,False,False,False,False,False,False,False,False,False,False,False,False,False,False,0,0,0,0,EURUSD_monthly_complete_holloway.csv
2001-02-01,0.9376,0.9445,0.9014,0.9235,42.0,48.599999999999994,,,False,False,False,False,False,False,False,False,False,False,False,False,False,False,False,False,False,0,0,0,0,EURUSD_monthly_complete_holloway.csv
2001-03-01,0.9234,0.9382,0.8749,0.8755,34.5,57.3,,,False,False,False,False,False,False,False,False,False,False,False,False,False,False,False,False,False,0,0,0,0,EURUSD_monthly_complete_holloway.csv
2001-04-01,0.8743,0.9093,0.8706,0.8892,30.000000000000004,62.70000000000001,,,False,False,False,False,False,False,False,False,False,False,False,False,False,False,False,False,False,0,0,0,0,EURUSD_monthly_complete_holloway.csv
2001-05-01,0.8893,0.9009,0.8439,0.8446,25.500000000000004,64.5,,,False,False,False,False,False,False,False,False,False,False,False,False,False,False,False,False,False,0,0,0,0,EURUSD_monthly_complete_holloway.csv
2001-06-01,0.8455,0.8674,0.841,0.8497,20.999999999999996,66.3,,,False,False,False,False,False,False,False,False,False,False,False,False,False,False,False,False,False,0,0,0,0,EURUSD_monthly_complete_holloway.csv
2001-07-01,0.8503,0.8825,0.8346,0.8763,22.499999999999996,69.0,,,False,False,False,False,False,False,False,False,False,False,False,False,False,False,False,False,False,0,0,0,0,EURUSD_monthly_complete_holloway.csv
2001-08-01,0.8762,0.9241,0.8737,0.9125,32.1,57.0,,,False,False,False,False,False,False,False,False,False,False,False,False,False,False,False,False,False,0,0,0,0,EURUSD_monthly_complete_holloway.csv
2001-09-01,0.9094,0.9335,0.8824,0.9114,39.00000000000001,48.6,,,False,False,False,False,False,False,False,False,False,False,False,False,False,False,False,False,False,0,0,0,0,EURUSD_monthly_complete_holloway.csv
2001-10-01,0.9103,0.9246,0.8867,0.9002,43.5,46.199999999999996,,,False,False,False,False,False,False,False,False,False,False,False,False,False,False,False,False,False,0,0,0,0,EURUSD_monthly_complete_holloway.csv
2001-11-01,0.9003,0.9121,0.8735,0.8956,42.9,48.9,,,False,False,False,False,False,False,False,False,False,False,False,False,False,False,False,False,False,0,0,0,0,EURUSD_monthly_complete_holloway.csv
2001-12-01,0.8956,0.9083,0.8741,0.8896,40.49999999999999,58.20000000000001,,,False,False,False,False,False,False,False,False,False,False,False,False,False,False,False,False,False,0,0,0,0,EURUSD_monthly_complete_holloway.csv
2002-01-01,0.8897,0.9069,0.857,0.8592,34.800000000000004,67.20000000000002,,,False,False,False,False,False,False,False,False,False,False,False,False,False,False,False,False,False,0,0,0,0,EURUSD_monthly_complete_holloway.csv
2002-02-01,0.8593,0.8803,0.8562,0.8695,29.1,70.2,,,False,False,False,False,False,False,False,False,False,False,False,False,False,False,False,False,False,0,0,0,0,EURUSD_monthly_complete_holloway.csv
2002-03-01,0.8693,0.887,0.8629,0.8719,26.399999999999995,70.2,,,False,False,False,False,False,False,False,False,False,False,False,False,False,False,False,False,False,0,0,0,0,EURUSD_monthly_complete_holloway.csv
2002-04-01,0.8716,0.9049,0.8714,0.9005,31.8,58.5,,,False,False,False,False,False,False,False,False,False,False,False,False,False,False,False,False,False,0,0,0,0,EURUSD_monthly_complete_holloway.csv
2002-05-01,0.9005,0.9416,0.899,0.9337,41.70000000000001,49.800000000000004,,,False,False,False,False,False,False,False,False,False,False,False,False,False,False,False,False,False,0,0,0,0,EURUSD_monthly_complete_holloway.csv
2002-06-01,0.933,0.9992,0.9302,0.9911,54.3,41.10000000000001,,,False,False,False,False,False,False,False,False,False,False,False,False,False,False,False,False,False,0,0,0,0,EURUSD_monthly_complete_holloway.csv
2002-07-01,0.9914,1.021,0.9714,0.9774,63.60000000000001,31.799999999999994,,,False,False,False,False,False,False,False,False,False,False,False,False,False,False,False,False,False,0,0,0,0,EURUSD_monthly_complete_holloway.csv
2002-08-01,0.9772,0.9919,0.9621,0.9815,66.9,25.5,34.71653551945679,48.30072010505451,False,False,True,False,False,False,False,False,False,False,False,False,False,False,False,False,False,1,0,0,1,EURUSD_monthly_complete_holloway.csv
2002-09-01,0.9824,0.9993,0.9608,0.9865,72.89999999999999,22.199999999999996,37.61118415594565,46.192296335602876,False,False,True,False,False,False,False,False,False,False,False,False,False,False,False,False,False,2,0,0,2,EURUSD_monthly_complete_holloway.csv
2002-10-01,0.9866,0.9931,0.9687,0.9906,84.0,17.4,41.121664071960566,43.740111896888756,False,False,True,False,False,False,False,False,False,False,False,False,False,False,False,False,False,3,0,0,3,EURUSD_monthly_complete_holloway.csv
2002-11-01,0.9904,1.0173,0.9877,0.9938,90.00000000000001,12.0,44.98740822085428,40.926755549177074,False,False,True,False,False,False,False,False,True,False,False,False,False,False,False,False,False,4,0,0,4,EURUSD_monthly_complete_holloway.csv
2002-12-01,0.9928,1.0507,0.986,1.0489,93.9,14.399999999999999,49.06230699657608,38.16975601319733,False,False,True,False,False,False,False,False,True,False,False,False,False,False,False,False,False,5,0,0,5,EURUSD_monthly_complete_holloway.csv
2003-01-01,1.0492,1.091,1.0335,1.0771,98.40000000000002,12.6,53.3305426857613,35.37639645399451,False,False,True,False,False,False,False,False,True,False,False,False,False,False,False,False,False,6,0,0,6,EURUSD_monthly_complete_holloway.csv
2003-02-01,1.0789,1.0938,1.0664,1.0806,95.4,10.8,57.311190918944504,32.59097309736051,False,False,False,False,False,False,False,False,True,False,False,False,False,False,False,False,False,7,0,0,7,EURUSD_monthly_complete_holloway.csv
2003-03-01,1.0779,1.1087,1.0502,1.0922,92.4,14.999999999999998,60.71924328421,30.364081469627394,False,False,False,False,False,False,False,False,True,False,False,False,False,False,False,False,False,8,0,0,8,EURUSD_monthly_complete_holloway.csv
2003-04-01,1.0916,1.1191,1.0559,1.1183,96.30000000000001,12.6,63.865440683524,28.441562182128035,False,False,True,False,False,False,False,False,True,False,False,False,False,False,False,False,False,9,0,0,9,EURUSD_monthly_complete_holloway.csv
2003-05-01,1.1182,1.1931,1.1154,1.1785,94.5,9.9,66.5251049045912,26.737566075125752,False,False,False,False,False,False,False,False,True,False,False,False,False,False,False,False,False,10,0,0,10,EURUSD_monthly_complete_holloway.csv
2003-06-01,1.172,1.1932,1.1399,1.1524,92.10000000000001,7.2,68.7353215453759,25.060828454350712,False,False,False,False,False,False,False,False,True,False,False,False,False,False,False,False,False,11,0,0,11,EURUSD_monthly_complete_holloway.csv
2003-07-01,1.1523,1.1613,1.1112,1.1233,83.10000000000002,8.4,70.11799240508232,23.609568222288445,False,False,False,False,False,False,False,False,True,False,False,False,False,False,False,False,False,12,0,0,12,EURUSD_monthly_complete_holloway.csv
2003-08-01,1.1234,1.143,1.0788,1.0985,69.60000000000001,15.9,70.38753148609874,22.7486703083249,False,False,False,False,False,False,False,False,True,False,False,False,False,False,False,False,False,0,1,0,13,EURUSD_monthly_complete_holloway.csv
2003-09-01,1.099,1.1739,1.0762,1.1658,78.6,15.899999999999999,70.71538932085014,22.130299362484806,False,False,True,False,False,False,False,False,True,False,False,False,False,False,False,True,False,1,0,0,14,EURUSD_monthly_complete_holloway.csv
2003-10-01,1.1653,1.1865,1.1531,1.1586,80.7,13.800000000000002,70.9411331227436,21.563784355753505,False,False,True,False,False,False,False,False,True,False,False,False,False,False,False,False,False,2,0,0,15,EURUSD_monthly_complete_holloway.csv
2003-11-01,1.1582,1.2019,1.1376,1.1998,83.70000000000002,17.7,71.16880833006687,21.420589209026417,False,False,True,False,False,False,False,False,True,False,False,False,False,False,False,False,False,3,0,0,16,EURUSD_monthly_complete_holloway.csv
2003-12-01,1.1988,1.2649,1.1935,1.2588,92.40000000000002,14.4,71.85124839350506,21.263605740555555,False,False,True,False,False,False,False,False,True,False,False,False,False,False,False,False,False,4,0,0,17,EURUSD_monthly_complete_holloway.csv
2004-01-01,1.2592,1.2901,1.2333,1.2467,93.60000000000001,12.3,72.72933476741181,21.001220885135808,False,False,True,False,False,False,False,False,True,False,False,False,False,False,False,False,False,5,0,0,18,EURUSD_monthly_complete_holloway.csv
2004-02-01,1.2481,1.293,1.2371,1.2495,95.7,10.2,73.84553352150533,20.558838504963198,False,False,True,False,False,False,False,False,True,False,False,False,False,False,False,False,False,6,0,0,19,EURUSD_monthly_complete_holloway.csv
2004-03-01,1.2481,1.2544,1.2046,1.2316,91.5,11.1,74.86290916958853,20.021925907827786,False,False,False,False,False,False,False,False,True,False,False,False,False,False,False,False,False,7,0,0,20,EURUSD_monthly_complete_holloway.csv
2004-04-01,1.2314,1.2391,1.1759,1.1986,79.2,17.400000000000002,75.27778065988984,19.703189871443037,False,False,False,False,False,False,False,False,True,False,False,False,False,False,False,False,False,8,0,0,21,EURUSD_monthly_complete_holloway.csv
2004-05-01,1.1996,1.23,1.177,1.2192,71.10000000000001,25.499999999999996,75.15708712794809,19.850568488732986,False,True,False,True,False,False,False,False,True,False,False,False,False,False,False,False,True,0,1,1,0,EURUSD_monthly_complete_holloway.csv
2004-06-01,1.2197,1.2356,1.1953,1.2186,63.6,27.899999999999995,74.4885886199912,20.249850944872225,False,False,False,True,False,False,False,False,True,False,False,False,False,False,False,False,False,0,2,2,0,EURUSD_monthly_complete_holloway.csv
2004-07-01,1.2188,1.2464,1.199,1.2019,55.2,30.299999999999997,73.17118620948474,20.964245723367725,False,False,False,True,False,True,True,False,True,False,False,False,False,False,False,False,False,0,3,3,0,EURUSD_monthly_complete_holloway.csv
2004-08-01,1.2069,1.2391,1.1968,1.2182,45.0,34.49999999999999,71.10774131199894,22.00411955579955,False,False,False,True,False,True,True,False,True,False,False,False,False,False,False,False,False,0,4,4,0,EURUSD_monthly_complete_holloway.csv
2004-09-01,1.2181,1.2446,1.2026,1.2428,50.7,30.0,69.15563869660245,22.86204973840677,False,False,False,False,False,True,True,False,True,False,False,False,False,False,False,False,False,0,5,5,0,EURUSD_monthly_complete_holloway.csv
2004-10-01,1.2429,1.2844,1.2224,1.2787,57.60000000000001,25.5,67.57646388198637,23.436620978360246,False,False,False,False,False,True,True,False,True,False,False,False,False,False,False,False,False,0,6,6,0,EURUSD_monthly_complete_holloway.csv
2004-11-01,1.2818,1.3336,1.2655,1.3289,64.5,20.999999999999996,66.56176445033014,23.64941480370686,False,False,False,False,False,True,True,False,True,False,False,False,False,False,False,False,False,0,7,0,1,EURUSD_monthly_complete_holloway.csv
2004-12-01,1.3289,1.367,1.3139,1.3562,72.00000000000001,16.2,66.20015323104707,23.43176421601937,False,False,True,False,False,True,True,False,True,False,False,False,False,False,False,True,False,1,0,0,2,EURUSD_monthly_complete_holloway.csv
2005-01-01,1.3562,1.3581,1.2922,1.3045,73.8,14.099999999999998,66.16932588501078,22.94971311955894,False,False,True,False,False,True,True,False,True,False,False,False,False,False,False,False,False,2,0,0,3,EURUSD_monthly_complete_holloway.csv
2005-02-01,1.3046,1.328,1.2732,1.3215,74.4,12.299999999999999,66.37174490328613,22.285088931667026,False,False,True,False,False,False,False,False,True,False,False,False,False,False,False,False,False,3,0,0,4,EURUSD_monthly_complete_holloway.csv
2005-03-01,1.3216,1.3483,1.2856,1.2965,68.10000000000001,15.0,66.37949966099563,21.654828376760783,False,False,False,False,True,False,False,False,True,False,False,False,False,True,False,False,False,4,0,0,5,EURUSD_monthly_complete_holloway.csv
2005-04-01,1.2962,1.3127,1.2767,1.2874,62.4,17.7,66.09509859703296,21.17577686233976,False,False,False,False,False,False,False,False,True,False,False,False,False,False,False,False,False,0,1,0,6,EURUSD_monthly_complete_holloway.csv
2005-05-01,1.2862,1.2993,1.2294,1.2308,51.0,26.099999999999994,65.20738490971938,21.20528963954048,False,True,False,True,False,False,False,False,True,False,False,False,False,False,False,False,True,0,2,1,0,EURUSD_monthly_complete_holloway.csv
2005-06-01,1.2308,1.2356,1.1982,1.2094,38.4,38.1,63.54741359111156,21.974783999555406,False,False,False,True,False,True,True,False,True,False,False,False,False,False,False,False,False,0,3,2,0,EURUSD_monthly_complete_holloway.csv
2005-07-01,1.2091,1.2259,1.1865,1.2123,27.599999999999998,48.599999999999994,61.077851451654354,23.56213142166786,False,False,False,True,False,True,True,False,True,False,False,False,False,False,False,False,False,0,4,3,0,EURUSD_monthly_complete_holloway.csv
2005-08-01,1.2123,1.2489,1.2117,1.2342,21.599999999999998,51.6,58.10905647679235,25.585968722015853,False,False,False,True,False,True,True,False,True,False,False,False,False,False,False,False,False,0,5,4,0,EURUSD_monthly_complete_holloway.csv
2005-09-01,1.2341,1.2591,1.1978,1.2064,17.1,68.70000000000002,54.79201526546307,28.717862929173467,False,False,False,True,False,True,True,False,True,False,False,False,False,False,False,False,False,0,6,5,0,EURUSD_monthly_complete_holloway.csv
2005-10-01,1.202,1.2209,1.1875,1.1984,11.7,77.10000000000001,51.21179855592675,32.51940073706107,False,False,False,True,False,True,True,False,True,False,False,False,False,False,False,False,False,0,7,6,0,EURUSD_monthly_complete_holloway.csv
2005-11-01,1.1983,1.2085,1.1638,1.179,7.5,84.0,47.53497859766721,36.766316610242995,False,False,False,True,False,True,True,False,True,False,False,False,False,False,False,False,False,0,8,7,0,EURUSD_monthly_complete_holloway.csv
2005-12-01,1.179,1.2064,1.166,1.1839,8.1,86.10000000000002,43.88220274089859,41.168287827482736,False,False,False,True,False,True,True,False,True,False,False,False,False,False,False,False,False,0,9,8,0,EURUSD_monthly_complete_holloway.csv
2006-01-01,1.1849,1.2324,1.1801,1.2148,24.0,75.3,41.25656448587343,44.90134738112182,False,False,False,False,False,False,False,False,False,False,False,False,False,False,False,False,False,0,10,9,0,EURUSD_monthly_complete_holloway.csv
2006-02-01,1.2141,1.2167,1.1825,1.1931,27.299999999999997,76.2,39.22672597454793,48.26414822468618,False,False,False,True,False,False,False,False,False,False,False,False,False,False,False,False,False,0,11,10,0,EURUSD_monthly_complete_holloway.csv
2006-03-01,1.1929,1.2209,1.1859,1.2116,32.99999999999999,64.50000000000001,37.89120776250081,50.61290610699574,False,False,False,False,False,False,False,False,False,False,False,False,False,False,False,False,False,0,12,11,0,EURUSD_monthly_complete_holloway.csv
2006-04-01,1.2119,1.2643,1.2031,1.2635,46.80000000000001,50.99999999999999,37.76208063036955,51.70542797592997,True,False,True,False,False,False,False,False,False,False,False,False,False,False,False,True,False,1,0,0,1,EURUSD_monthly_complete_holloway.csv
2006-05-01,1.2629,1.2973,1.2555,1.2817,55.5,39.6,38.59028983932298,51.59415997571192,False,False,True,False,False,False,False,False,False,False,False,False,False,False,False,False,False,2,0,0,2,EURUSD_monthly_complete_holloway.csv
2006-06-01,1.2817,1.2981,1.2478,1.279,63.00000000000001,33.6,40.27967893417507,50.58034117904477,False,False,True,False,False,False,False,False,False,False,False,False,False,False,False,False,False,3,0,0,3,EURUSD_monthly_complete_holloway.csv
2006-07-01,1.2788,1.2864,1.2457,1.2767,63.60000000000001,30.0,42.43778668958308,48.860443576180394,False,False,True,False,False,True,False,True,False,False,False,False,False,False,False,False,False,4,0,0,4,EURUSD_monthly_complete_holloway.csv
2006-08-01,1.2769,1.2942,1.2694,1.2806,75.3,21.599999999999998,45.43215039430576,46.337470688515694,False,False,True,False,False,True,False,True,False,False,False,False,False,False,False,False,False,5,0,0,5,EURUSD_monthly_complete_holloway.csv
2006-09-01,1.2809,1.2877,1.2629,1.2673,75.6,18.299999999999997,48.589779964056156,43.438041579147736,False,False,True,False,False,False,False,False,True,False,False,False,False,False,False,False,False,6,0,0,6,EURUSD_monthly_complete_holloway.csv
2006-10-01,1.2683,1.2782,1.2483,1.2765,73.50000000000001,17.400000000000006,51.62386908680948,40.4188409119036,False,False,False,False,False,False,False,False,True,False,False,False,False,False,False,False,False,7,0,0,7,EURUSD_monthly_complete_holloway.csv
2006-11-01,1.2764,1.3273,1.2681,1.3238,79.20000000000002,12.299999999999999,54.83053673982782,37.17221973028439,False,False,True,False,False,False,False,False,True,False,False,False,False,False,False,False,False,8,0,0,8,EURUSD_monthly_complete_holloway.csv
2006-12-01,1.3238,1.3364,1.3051,1.3198,80.40000000000002,9.9,57.811420988978576,33.988341266644284,False,False,True,False,False,False,False,False,True,False,False,False,False,False,False,False,False,9,0,0,9,EURUSD_monthly_complete_holloway.csv
2007-01-01,1.3189,1.3296,1.2865,1.3021,74.1,11.1,60.07347364114107,31.15779699331499,False,False,False,False,False,False,False,False,True,False,False,False,False,False,False,False,False,10,0,0,10,EURUSD_monthly_complete_holloway.csv
2007-02-01,1.3022,1.3258,1.2911,1.3223,72.0,15.0,61.73691839147594,28.92665022368448,False,False,False,False,False,False,False,False,True,False,False,False,False,False,False,False,False,11,0,0,11,EURUSD_monthly_complete_holloway.csv
2007-03-01,1.3225,1.341,1.307,1.3354,79.20000000000002,11.700000000000001,63.30609338339378,26.983091190549942,False,False,True,False,False,False,False,False,True,False,False,False,False,False,False,False,False,12,0,0,12,EURUSD_monthly_complete_holloway.csv
2007-04-01,1.3372,1.3681,1.3318,1.3642,80.4,9.0,64.62216272839774,25.30074833139762,False,False,True,False,False,False,False,False,True,False,False,False,False,False,False,False,False,13,0,0,13,EURUSD_monthly_complete_holloway.csv
2007-05-01,1.3641,1.3671,1.3406,1.3451,79.8,10.5,65.63863743014008,24.04984771807704,False,False,False,False,False,False,False,False,True,False,False,False,False,False,False,False,False,14,0,0,14,EURUSD_monthly_complete_holloway.csv
2007-06-01,1.3451,1.3553,1.3262,1.354,74.7,14.4,66.21251983985306,23.2941522700372,False,False,False,False,False,False,False,False,True,False,False,False,False,False,False,False,False,15,0,0,15,EURUSD_monthly_complete_holloway.csv
2007-07-01,1.3542,1.3851,1.3527,1.3677,78.90000000000002,12.0,66.81421060677769,22.680647721345384,False,False,True,False,False,False,False,False,True,False,False,False,False,False,False,False,False,16,0,0,16,EURUSD_monthly_complete_holloway.csv
2007-08-01,1.3679,1.3838,1.336,1.3628,75.9,10.2,67.19698392852979,22.108396430373205,False,False,False,False,False,False,False,False,True,False,False,False,False,False,False,False,False,17,0,0,17,EURUSD_monthly_complete_holloway.csv
2007-09-01,1.3628,1.4278,1.355,1.4266,76.8,8.4,67.59058293182001,21.47621483482617,False,False,True,False,False,False,False,False,True,False,False,False,False,False,False,False,False,18,0,0,18,EURUSD_monthly_complete_holloway.csv
2007-10-01,1.428,1.4503,1.4014,1.4471,78.3,6.3,68.08945792035611,20.71232201507057,False,False,True,False,False,False,False,False,True,False,False,False,False,False,False,False,False,19,0,0,19,EURUSD_monthly_complete_holloway.csv
2007-11-01,1.4472,1.4966,1.4403,1.4638,78.9,4.2,68.663487526534,19.83627539722007,False,False,True,False,False,False,False,False,True,False,False,False,False,False,False,False,False,20,0,0,20,EURUSD_monthly_complete_holloway.csv
2007-12-01,1.4648,1.4769,1.4309,1.4601,72.3,6.300000000000001,68.91995601961116,18.93003514241326,False,False,False,False,False,False,False,False,True,False,False,False,False,False,False,False,False,21,0,0,21,EURUSD_monthly_complete_holloway.csv
2008-01-01,1.4652,1.4921,1.4365,1.4847,70.5,5.1000000000000005,69.07556706572241,17.921927356976447,False,False,False,False,False,False,False,False,True,False,False,False,False,False,False,False,False,22,0,0,22,EURUSD_monthly_complete_holloway.csv
2008-02-01,1.485,1.5238,1.4438,1.5178,72.0,3.6,69.31535169170124,16.78482603362576,False,False,True,False,False,False,False,False,True,False,False,False,False,False,False,False,False,23,0,0,23,EURUSD_monthly_complete_holloway.csv
2008-03-01,1.5212,1.5902,1.5145,1.5761,74.10000000000001,2.1,69.67314906320178,15.543529346843394,False,False,True,False,False,False,False,False,True,False,False,False,False,False,False,False,False,24,0,0,24,EURUSD_monthly_complete_holloway.csv
2008-04-01,1.5764,1.6018,1.551,1.5619,74.7,1.8,69.96959464646379,14.374142406398322,False,False,True,False,False,False,False,False,True,False,False,False,False,False,False,False,False,25,0,0,25,EURUSD_monthly_complete_holloway.csv
2008-05-01,1.5619,1.5818,1.5284,1.5554,70.2,4.5,70.07207269880848,13.333952523721923,False,False,False,False,False,False,False,False,True,False,False,False,False,False,False,False,False,26,0,0,26,EURUSD_monthly_complete_holloway.csv
2008-06-01,1.5561,1.5843,1.5302,1.5753,65.7,6.9,69.90075563859773,12.565799646124038,False,False,False,False,False,False,False,False,True,False,False,False,False,False,False,False,False,0,1,0,27,EURUSD_monthly_complete_holloway.csv
2008-07-01,1.5753,1.6038,1.5521,1.5597,67.80000000000001,6.0,69.69433672499918,11.934903362449353,False,False,False,False,False,False,False,False,True,False,False,False,True,False,False,False,False,0,2,0,28,EURUSD_monthly_complete_holloway.csv
2008-08-01,1.5597,1.5631,1.4571,1.4678,57.900000000000006,17.1,68.893405684829,12.056107033119567,False,True,False,True,True,True,True,False,True,False,False,False,False,False,False,False,True,0,3,1,0,EURUSD_monthly_complete_holloway.csv
2008-09-01,1.4709,1.4867,1.3881,1.4115,46.800000000000004,32.7,67.35827424687551,13.235126428720125,False,False,False,True,False,True,True,False,True,False,False,False,False,False,False,False,False,0,4,2,0,EURUSD_monthly_complete_holloway.csv
2008-10-01,1.4115,1.4174,1.233,1.2727,36.300000000000004,44.1,65.12600807606447,15.327906812970983,False,False,False,True,False,True,True,False,True,False,False,False,False,False,False,False,False,0,5,3,0,EURUSD_monthly_complete_holloway.csv
2008-11-01,1.2766,1.3114,1.2389,1.269,29.700000000000003,54.0,62.28844136013605,18.29361158590977,False,False,False,True,False,True,True,False,True,False,False,False,False,False,False,False,False,0,6,4,0,EURUSD_monthly_complete_holloway.csv
2008-12-01,1.2694,1.4719,1.2552,1.3936,30.299999999999997,65.4,59.397396641524,22.1053461089083,False,False,False,True,False,True,True,False,True,False,False,False,False,False,False,False,False,0,7,5,0,EURUSD_monthly_complete_holloway.csv
2009-01-01,1.3868,1.3986,1.2763,1.2812,28.499999999999996,72.00000000000001,56.5134116452655,26.394146049351566,False,False,False,True,False,True,True,False,True,False,False,False,False,False,False,False,False,0,8,6,0,EURUSD_monthly_complete_holloway.csv
2009-02-01,1.2752,1.3093,1.2512,1.2666,22.2,82.80000000000001,53.40001812183151,31.294153962706666,False,False,False,True,False,True,True,False,True,False,False,False,False,False,False,False,False,0,9,7,0,EURUSD_monthly_complete_holloway.csv
2009-03-01,1.2617,1.3737,1.2456,1.32426,34.800000000000004,76.80000000000001,51.11283704879596,35.82277490480062,False,False,False,False,False,True,True,False,True,False,False,False,False,False,False,False,False,0,10,8,0,EURUSD_monthly_complete_holloway.csv
2009-04-01,1.32416,1.35806,1.28844,1.32236,39.90000000000001,70.8,49.50444727631949,39.71482530001728,False,False,False,False,False,True,True,False,True,False,False,False,False,False,False,False,False,0,11,9,0,EURUSD_monthly_complete_holloway.csv
2009-05-01,1.32235,1.41678,1.32123,1.41597,46.5,60.0,48.64420403409033,42.526971102262316,False,False,False,False,False,True,True,False,True,False,False,False,False,False,False,False,False,0,12,10,0,EURUSD_monthly_complete_holloway.csv
2009-06-01,1.41322,1.43378,1.37477,1.40352,49.5,49.5,48.27695596926653,44.207005040829976,True,False,True,False,False,True,True,False,True,False,False,False,False,False,False,True,False,1,0,11,0,EURUSD_monthly_complete_holloway.csv
2009-07-01,1.4036,1.43036,1.38323,1.42561,54.599999999999994,43.8,48.51546322289837,44.96069056511887,False,False,True,False,True,False,False,False,True,False,False,False,False,False,True,False,False,2,0,0,1,EURUSD_monthly_complete_holloway.csv
2009-08-01,1.42703,1.44465,1.40454,1.43311,61.2,33.0,49.38586487120259,44.56650386164516,False,False,True,False,False,False,False,False,True,False,False,False,False,False,False,False,False,3,0,0,2,EURUSD_monthly_complete_holloway.csv
2009-09-01,1.4331,1.48427,1.4177,1.46368,66.0,23.4,50.81226485060716,43.096956523217784,False,False,True,False,False,False,False,False,True,False,False,False,False,False,False,False,False,4,0,0,3,EURUSD_monthly_complete_holloway.csv
2009-10-01,1.46367,1.50617,1.44835,1.47185,70.50000000000001,15.899999999999999,52.63012705734426,40.80508247516593,False,False,True,False,False,False,False,False,True,False,False,False,False,False,False,False,False,5,0,0,4,EURUSD_monthly_complete_holloway.csv
2009-11-01,1.47346,1.51437,1.46262,1.50075,80.7,9.299999999999999,55.1420204929017,37.85687009166074,False,False,True,False,False,False,False,False,True,False,False,False,False,False,False,False,False,6,0,0,5,EURUSD_monthly_complete_holloway.csv
2009-12-01,1.50074,1.51399,1.42175,1.43306,69.0,18.299999999999997,57.10138912221756,35.22734774099088,False,False,False,False,False,False,False,False,True,False,False,False,False,False,False,False,False,7,0,0,6,EURUSD_monthly_complete_holloway.csv
2010-01-01,1.43259,1.45785,1.3861,1.38611,56.4,29.7,58.16532521458312,33.35524295198397,False,False,False,False,False,False,False,False,True,False,False,False,False,False,False,False,False,0,1,0,7,EURUSD_monthly_complete_holloway.csv
2010-02-01,1.38627,1.40255,1.34433,1.3631,45.00000000000001,37.49999999999999,58.209997530081885,32.28939729004794,False,True,False,True,True,False,False,False,True,False,False,False,False,True,False,False,True,0,2,1,0,EURUSD_monthly_complete_holloway.csv
2010-03-01,1.36222,1.38171,1.32671,1.35062,35.1,47.400000000000006,57.289189467631644,32.20656047553997,False,False,False,True,False,False,False,False,True,False,False,False,False,False,False,False,False,0,3,2,0,EURUSD_monthly_complete_holloway.csv
2010-04-01,1.35065,1.36913,1.31141,1.32936,25.8,55.8,55.381430129327335,33.11783167392406,False,False,False,True,False,False,False,False,True,False,False,False,False,False,False,False,False,0,4,3,0,EURUSD_monthly_complete_holloway.csv
2010-05-01,1.33296,1.33326,1.21435,1.2308,17.4,69.9,52.60962409412289,35.28736352344417,False,False,False,True,False,True,True,False,True,False,False,False,False,False,False,False,False,0,5,4,0,EURUSD_monthly_complete_holloway.csv
2010-06-01,1.23061,1.24664,1.18758,1.22302,10.5,78.9,49.16139527566085,38.43534124799585,False,False,False,True,False,True,True,False,True,False,False,False,False,False,False,False,False,0,6,5,0,EURUSD_monthly_complete_holloway.csv
2010-07-01,1.223,1.3106,1.2193,1.30504,8.1,80.10000000000001,45.412012218134684,42.027788540421554,False,False,False,True,False,True,True,False,True,False,False,False,False,False,False,False,False,0,7,6,0,EURUSD_monthly_complete_holloway.csv
2010-08-01,1.30596,1.33327,1.25874,1.26889,6.3,80.10000000000001,41.5873539835135,45.766151259300344,False,False,False,False,False,False,False,False,False,False,False,False,False,False,False,False,False,0,8,7,0,EURUSD_monthly_complete_holloway.csv
2010-09-01,1.26892,1.36825,1.26434,1.36283,17.1,65.70000000000002,38.49118309910549,48.69309482089014,False,False,False,False,False,False,False,False,False,False,False,False,False,False,False,False,False,0,9,8,0,EURUSD_monthly_complete_holloway.csv
2010-10-01,1.36295,1.41505,1.36183,1.39459,30.299999999999997,52.199999999999996,36.42033007355782,50.583773739393486,False,False,False,False,False,False,False,False,False,False,False,False,False,False,False,False,False,0,10,9,0,EURUSD_monthly_complete_holloway.csv
2010-11-01,1.39703,1.42813,1.29694,1.29811,38.99999999999999,52.5,35.40724143876942,51.906393383683856,True,False,True,True,False,False,False,False,False,False,False,False,False,False,False,True,False,1,0,10,0,EURUSD_monthly_complete_holloway.csv
2010-12-01,1.29809,1.34966,1.29707,1.33827,43.5,49.5,35.264212167695035,52.51994804714572,False,False,True,False,False,False,False,False,False,False,False,False,False,False,False,False,False,2,0,0,1,EURUSD_monthly_complete_holloway.csv
2011-01-01,1.33443,1.37573,1.28736,1.36908,56.099999999999994,44.1,36.37562134907715,52.37182181273359,False,False,True,False,False,False,False,False,False,False,False,False,False,False,False,False,False,3,0,0,2,EURUSD_monthly_complete_holloway.csv
2011-02-01,1.36908,1.38607,1.34279,1.38088,63.9,33.0,38.43560361610279,51.21429637781254,False,False,True,False,False,False,False,False,False,False,False,False,False,False,False,False,False,4,0,0,3,EURUSD_monthly_complete_holloway.csv
2011-03-01,1.38088,1.42479,1.37447,1.41736,67.2,24.300000000000004,41.033148830599494,49.1423104079807,False,False,True,False,False,True,False,True,False,False,False,False,False,False,False,False,False,5,0,0,4,EURUSD_monthly_complete_holloway.csv
2011-04-01,1.41733,1.48809,1.40614,1.48062,78.00000000000003,18.000000000000004,44.44883431664782,46.348379325537536,False,False,True,False,False,True,False,True,False,False,False,False,False,False,False,False,False,6,0,0,5,EURUSD_monthly_complete_holloway.csv
2011-05-01,1.48249,1.49385,1.39692,1.43945,84.0,18.9,48.41288824198436,43.2790381081163,False,False,True,False,False,False,False,False,True,False,False,False,False,False,False,False,False,7,0,0,6,EURUSD_monthly_complete_holloway.csv
2011-06-01,1.43947,1.46955,1.40731,1.44906,81.60000000000001,21.599999999999998,52.16020974673159,40.376221514452816,False,False,False,False,False,False,False,False,True,False,False,False,False,False,False,False,False,8,0,0,7,EURUSD_monthly_complete_holloway.csv
2011-07-01,1.44908,1.45769,1.38371,1.43945,75.9,23.7,55.38206508491199,37.794847851433715,False,False,False,False,False,False,False,False,True,False,False,False,False,False,False,False,False,9,0,0,8,EURUSD_monthly_complete_holloway.csv
2011-08-01,1.43607,1.45482,1.40553,1.43725,80.10000000000001,21.0,58.41885178048183,35.43978068118071,False,False,True,False,False,False,False,False,True,False,False,False,False,False,False,False,False,10,0,0,9,EURUSD_monthly_complete_holloway.csv
2011-09-01,1.43725,1.43767,1.33624,1.33846,66.00000000000001,37.5,60.29407028058675,34.35988274757453,False,True,False,True,False,False,False,False,True,False,False,False,False,False,False,False,True,11,0,1,0,EURUSD_monthly_complete_holloway.csv
2011-10-01,1.33447,1.4246,1.31458,1.38594,54.9,41.10000000000001,60.96277481199656,34.01049334052355,False,False,False,True,False,False,False,False,True,False,False,False,False,False,False,False,False,0,1,2,0,EURUSD_monthly_complete_holloway.csv
2011-11-01,1.38592,1.38702,1.32119,1.34392,45.599999999999994,50.99999999999999,60.47278079820668,34.72500139444392,False,False,False,True,False,False,False,False,True,False,False,False,False,False,False,False,False,0,2,3,0,EURUSD_monthly_complete_holloway.csv
2011-12-01,1.34392,1.35449,1.28577,1.29565,34.8,62.40000000000001,58.80907891569282,36.55862394256891,False,False,False,True,False,False,False,False,True,False,False,False,False,False,False,False,False,0,3,4,0,EURUSD_monthly_complete_holloway.csv
2012-01-01,1.29443,1.3233,1.26241,1.30879,24.299999999999997,69.0,56.05040290044256,39.207051635957924,False,False,False,True,False,True,True,False,True,False,False,False,False,False,False,False,False,0,4,5,0,EURUSD_monthly_complete_holloway.csv
2012-02-01,1.30881,1.34856,1.29745,1.33232,19.2,73.49999999999999,52.55447486618217,42.41902355771958,False,False,False,True,False,True,True,False,True,False,False,False,False,False,False,False,False,0,5,6,0,EURUSD_monthly_complete_holloway.csv
2012-03-01,1.33227,1.33848,1.30032,1.33408,19.200000000000003,77.10000000000001,48.97205765722912,45.89056979382332,False,False,False,True,False,True,True,False,True,False,False,False,False,False,False,False,False,0,6,7,0,EURUSD_monthly_complete_holloway.csv
2012-04-01,1.33562,1.33801,1.29945,1.32417,14.099999999999996,82.80000000000001,45.23406558187783,49.58319505845832,False,False,False,True,False,False,False,False,False,False,False,False,False,False,False,False,False,0,7,8,0,EURUSD_monthly_complete_holloway.csv
2012-05-01,1.32416,1.32828,1.23362,1.23597,9.0,87.6,41.41999289840639,53.39534282842098,False,False,False,True,False,False,False,False,False,False,False,False,False,False,False,False,False,0,8,9,0,EURUSD_monthly_complete_holloway.csv
2012-06-01,1.23594,1.27468,1.22882,1.26655,7.5,86.10000000000001,37.787751171170775,56.88847291199645,False,False,False,False,False,False,False,False,False,False,False,False,False,False,False,False,False,0,9,10,0,EURUSD_monthly_complete_holloway.csv
2012-07-01,1.26696,1.26703,1.20418,1.22989,5.699999999999999,86.4,34.41016036283564,60.04679761276696,False,False,False,True,False,False,False,False,False,False,False,False,False,False,False,False,False,0,10,11,0,EURUSD_monthly_complete_holloway.csv
2012-08-01,1.22989,1.2636,1.21337,1.25783,10.2,82.5,31.677383594756606,62.526990073047294,False,False,False,False,False,False,False,False,False,False,False,False,False,False,False,False,False,0,11,12,0,EURUSD_monthly_complete_holloway.csv
2012-09-01,1.25803,1.31706,1.25012,1.28595,20.7,69.60000000000001,30.0121007316575,63.805251454102695,False,False,False,False,False,False,False,False,False,False,False,False,False,False,False,False,False,0,12,13,0,EURUSD_monthly_complete_holloway.csv
2012-10-01,1.28488,1.31384,1.28031,1.29582,30.0,61.500000000000014,29.443890448992338,64.07212212246287,True,False,True,False,False,False,False,False,False,False,False,False,False,False,False,True,False,1,0,0,1,EURUSD_monthly_complete_holloway.csv
2012-11-01,1.29581,1.30267,1.26612,1.29848,31.799999999999997,57.300000000000004,29.58224344923461,63.57284817933471,False,False,True,False,False,False,False,False,False,False,False,False,False,False,False,False,False,2,0,0,2,EURUSD_monthly_complete_holloway.csv
2012-12-01,1.29934,1.33076,1.28769,1.31964,36.0,47.699999999999996,30.316642227850547,62.24227250263679,False,False,True,False,False,False,False,False,False,False,False,False,False,False,False,False,False,3,0,0,3,EURUSD_monthly_complete_holloway.csv
2013-01-01,1.32036,1.35931,1.29975,1.35869,46.5,36.0,31.851325931606183,60.02055750094247,False,False,True,False,False,True,False,True,False,False,False,False,False,False,False,False,False,4,0,0,4,EURUSD_monthly_complete_holloway.csv
2013-02-01,1.35864,1.37106,1.3018,1.30665,49.5,32.099999999999994,33.770300458989524,57.27800083272868,False,False,True,False,False,True,False,True,False,False,False,False,False,False,False,False,False,5,0,0,5,EURUSD_monthly_complete_holloway.csv
2013-03-01,1.30664,1.31341,1.27509,1.28148,42.6,38.7,35.432047590745896,54.771411604811824,False,False,False,False,False,True,False,True,False,False,False,False,False,False,False,False,False,6,0,0,6,EURUSD_monthly_complete_holloway.csv
2013-04-01,1.28112,1.32015,1.27454,1.31664,50.699999999999996,36.300000000000004,37.360638273872084,52.27692363332747,False,False,True,False,False,True,False,True,False,False,False,False,False,False,False,False,False,7,0,0,7,EURUSD_monthly_complete_holloway.csv
2013-05-01,1.31667,1.32427,1.27962,1.29956,50.7,38.099999999999994,39.17401204292646,50.155147252493734,False,False,True,False,False,True,False,True,False,False,False,False,False,False,False,False,False,8,0,0,8,EURUSD_monthly_complete_holloway.csv
2013-06-01,1.29922,1.34158,1.29555,1.30078,43.8,44.10000000000001,40.44697612341999,48.70749179482839,False,False,False,False,False,True,False,True,False,False,False,False,False,False,False,False,False,9,0,0,9,EURUSD_monthly_complete_holloway.csv
2013-07-01,1.30144,1.33446,1.27553,1.32963,49.800000000000004,39.89999999999999,41.6864215129408,47.444571327719636,False,False,True,False,False,True,False,True,False,False,False,False,False,False,False,False,False,10,0,0,10,EURUSD_monthly_complete_holloway.csv
2013-08-01,1.33022,1.34518,1.3175,1.32195,59.10000000000001,32.7,43.18586474843951,46.056749554715864,False,False,True,False,False,True,False,True,False,False,False,False,False,False,False,False,False,11,0,0,11,EURUSD_monthly_complete_holloway.csv
2013-09-01,1.32122,1.35685,1.31047,1.35215,66.9,29.999999999999996,44.99652386979753,44.69800111575056,False,False,True,False,False,False,False,False,True,False,False,False,False,False,False,False,False,12,0,0,12,EURUSD_monthly_complete_holloway.csv
2013-10-01,1.35215,1.3832,1.34734,1.3588,76.20000000000002,24.599999999999998,47.270948794620466,43.216126849422444,False,False,True,False,False,False,False,False,True,False,False,False,False,False,False,False,False,13,0,0,13,EURUSD_monthly_complete_holloway.csv
2013-11-01,1.35878,1.36214,1.32959,1.35901,76.5,24.6,49.4769870369705,41.8984248559501,False,False,True,False,False,False,False,False,True,False,False,False,False,False,False,False,False,14,0,0,14,EURUSD_monthly_complete_holloway.csv
2013-12-01,1.35878,1.3893,1.35241,1.37876,83.39999999999999,17.7,52.04050361504635,40.23743301202067,False,False,True,False,False,False,False,False,True,False,False,False,False,False,False,False,False,15,0,0,15,EURUSD_monthly_complete_holloway.csv
2014-01-01,1.3755,1.37749,1.3479,1.34849,72.00000000000001,25.200000000000003,53.94220620234811,39.078745794986915,False,False,False,False,False,False,False,False,True,False,False,False,False,False,False,False,False,16,0,0,16,EURUSD_monthly_complete_holloway.csv
2014-02-01,1.34855,1.38241,1.3477,1.38016,74.4,25.8,55.7219463495218,38.089589866671275,False,False,True,False,False,False,False,False,True,False,False,False,False,False,False,False,False,17,0,0,17,EURUSD_monthly_complete_holloway.csv
2014-03-01,1.37856,1.39666,1.37047,1.37735,88.8,20.4,58.10364616182998,36.89574023289951,False,False,True,False,False,False,False,False,True,False,False,False,False,False,False,False,False,18,0,0,18,EURUSD_monthly_complete_holloway.csv
2014-04-01,1.37734,1.39057,1.36725,1.38653,87.60000000000002,17.1,60.44668948606363,35.53936342620303,False,False,False,False,False,False,False,False,True,False,False,False,False,False,False,False,False,19,0,0,19,EURUSD_monthly_complete_holloway.csv
2014-05-01,1.38656,1.39932,1.35858,1.36339,80.1,29.400000000000002,62.30427973811938,34.845244095311514,False,False,False,False,False,False,False,False,True,False,False,False,False,False,False,False,False,20,0,0,20,EURUSD_monthly_complete_holloway.csv
2014-06-01,1.36304,1.36969,1.35028,1.36927,67.50000000000001,36.900000000000006,63.270770870729564,34.68810451517836,False,True,False,True,False,False,False,False,True,False,False,False,False,False,False,False,True,21,0,1,0,EURUSD_monthly_complete_holloway.csv
2014-07-01,1.36928,1.36991,1.33665,1.33877,65.1,40.800000000000004,63.79543790122537,34.90692298508439,False,False,False,True,False,False,False,False,True,False,False,False,False,False,False,False,False,22,0,2,0,EURUSD_monthly_complete_holloway.csv
2014-08-01,1.33872,1.34446,1.31323,1.31323,52.500000000000014,55.2,63.339242250557064,36.076051869251465,False,False,False,True,False,False,False,False,True,False,False,False,False,False,False,False,False,0,1,3,0,EURUSD_monthly_complete_holloway.csv
2014-09-01,1.31292,1.316,1.25712,1.26307,40.5,62.7,61.875029157916536,37.94770932024015,False,False,False,True,False,False,False,False,True,False,False,False,False,False,False,False,False,0,2,4,0,EURUSD_monthly_complete_holloway.csv
2014-10-01,1.26306,1.28868,1.24851,1.25231,31.8,73.5,59.62890546873369,40.58766617054471,False,False,False,True,False,True,True,False,True,False,False,False,False,False,False,False,False,0,3,5,0,EURUSD_monthly_complete_holloway.csv
2014-11-01,1.25085,1.25991,1.23571,1.24498,22.2,81.00000000000001,56.60150787143842,43.814144903550265,False,False,False,True,False,True,True,False,True,False,False,False,False,False,False,False,False,0,4,6,0,EURUSD_monthly_complete_holloway.csv
2014-12-01,1.24613,1.25696,1.20973,1.20995,12.899999999999999,87.90000000000002,52.844645989529326,47.57957869648846,False,False,False,True,False,True,True,False,True,False,False,False,False,False,False,False,False,0,5,7,0,EURUSD_monthly_complete_holloway.csv
2015-01-01,1.20538,1.2069,1.1097,1.12844,7.5,93.0,48.68962044183621,51.634752746152124,False,False,False,True,False,False,False,False,False,False,False,False,False,False,False,False,False,0,6,8,0,EURUSD_monthly_complete_holloway.csv
2015-02-01,1.13115,1.15332,1.11758,1.11957,7.2,91.80000000000001,44.61881487560378,55.50183934715035,False,False,False,False,False,False,False,False,False,False,False,False,False,False,False,False,False,0,7,9,0,EURUSD_monthly_complete_holloway.csv
2015-03-01,1.11805,1.12402,1.04619,1.07308,5.1,93.9,40.642824248439695,59.27451186677213,False,False,False,True,False,False,False,False,False,False,False,False,False,False,False,False,False,0,8,10,0,EURUSD_monthly_complete_holloway.csv
2015-04-01,1.07331,1.12659,1.05202,1.12222,5.4,86.7,36.903852286399626,62.42746210669084,False,False,False,False,False,False,False,False,False,False,False,False,False,False,False,False,False,0,9,11,0,EURUSD_monthly_complete_holloway.csv
2015-05-01,1.12188,1.14661,1.08185,1.09895,7.800000000000001,78.30000000000001,33.67285550203097,64.69510991034029,False,False,False,False,False,False,False,False,False,False,False,False,False,False,False,False,False,0,10,12,0,EURUSD_monthly_complete_holloway.csv
2015-06-01,1.09835,1.1436,1.08865,1.11453,12.9,74.7,31.25302613641756,66.15607611730735,False,False,False,False,False,False,False,False,False,False,False,False,False,False,False,False,False,0,11,13,0,EURUSD_monthly_complete_holloway.csv
2015-07-01,1.1138,1.12153,1.08078,1.09831,11.399999999999999,76.8,29.194617950368105,67.25115582479991,False,False,False,True,False,False,False,False,False,False,False,False,False,False,False,False,False,0,12,14,0,EURUSD_monthly_complete_holloway.csv
2015-08-01,1.09711,1.17138,1.08477,1.1209,21.9,64.5,28.149426384062792,67.28880258128767,False,False,False,False,False,False,False,False,False,False,False,False,False,False,False,False,False,0,13,0,1,EURUSD_monthly_complete_holloway.csv
2015-09-01,1.12079,1.146,1.10869,1.11763,31.2,56.7,28.174668447092998,66.43669490957888,True,False,True,False,False,False,False,False,False,False,False,False,False,False,False,True,False,1,0,0,2,EURUSD_monthly_complete_holloway.csv
2015-10-01,1.11748,1.14949,1.08966,1.1005,30.299999999999994,68.10000000000001,28.578694857157668,65.88912411617986,False,False,False,True,False,False,False,False,False,False,False,False,False,False,False,False,True,2,0,1,0,EURUSD_monthly_complete_holloway.csv
2015-11-01,1.10266,1.10527,1.05576,1.05643,25.800000000000004,76.20000000000002,28.963525075426972,65.76795971874036,False,False,False,True,False,True,False,True,False,False,False,False,False,False,False,False,False,0,1,2,0,EURUSD_monthly_complete_holloway.csv
2015-12-01,1.05639,1.10593,1.05222,1.08609,27.900000000000006,77.40000000000002,29.51832791811475,65.82491033870218,False,False,False,True,False,False,False,False,False,False,False,False,False,False,False,False,False,0,2,3,0,EURUSD_monthly_complete_holloway.csv
2016-01-01,1.08696,1.09844,1.07104,1.083,29.099999999999998,79.8,30.0915121911676,66.20606535455691,False,False,False,True,False,False,False,False,False,False,False,False,False,False,False,False,False,0,3,4,0,EURUSD_monthly_complete_holloway.csv
2016-02-01,1.08297,1.13761,1.08142,1.08718,30.0,78.60000000000001,30.68172528231568,66.68293414464664,False,False,False,False,False,False,False,False,False,False,False,False,False,False,False,False,False,0,4,5,0,EURUSD_monthly_complete_holloway.csv
2016-03-01,1.08751,1.14115,1.08219,1.13788,30.299999999999994,73.8,31.163345637541678,67.05739071020626,False,False,False,False,True,False,False,False,False,False,False,False,False,False,True,False,False,0,5,6,0,EURUSD_monthly_complete_holloway.csv
2016-04-01,1.13777,1.14645,1.12145,1.14504,34.2,62.70000000000001,31.870157130879658,66.78622987311958,True,False,True,False,False,False,False,False,False,False,False,False,False,False,False,True,False,1,0,0,1,EURUSD_monthly_complete_holloway.csv
2016-05-01,1.14582,1.16159,1.10977,1.11303,36.00000000000001,63.599999999999994,32.56416326932424,66.49187936713592,False,False,True,False,False,False,False,False,False,False,False,False,False,False,False,False,False,2,0,0,2,EURUSD_monthly_complete_holloway.csv
2016-06-01,1.11301,1.14278,1.09113,1.11048,35.1,60.300000000000004,32.969057648537486,66.07767071384721,False,False,False,False,False,True,False,True,False,False,False,False,False,False,False,False,False,3,0,0,3,EURUSD_monthly_complete_holloway.csv
2016-07-01,1.11014,1.11972,1.09314,1.11743,38.699999999999996,54.900000000000006,33.430157449651304,65.4225031864436,False,False,True,False,False,True,False,True,False,False,False,False,False,False,False,False,False,4,0,0,4,EURUSD_monthly_complete_holloway.csv
2016-08-01,1.11715,1.13661,1.10453,1.11571,36.0,57.300000000000004,33.69242743044044,64.797638709351,False,False,False,False,False,True,False,True,False,False,False,False,False,False,False,False,False,5,0,0,5,EURUSD_monthly_complete_holloway.csv
2016-09-01,1.11562,1.13266,1.11228,1.12399,53.400000000000006,48.900000000000006,34.83480306938741,63.75093049888004,False,False,True,False,False,True,False,True,False,False,False,False,False,False,False,False,False,6,0,0,6,EURUSD_monthly_complete_holloway.csv
2016-10-01,1.12262,1.12439,1.08507,1.09762,45.0,59.699999999999996,35.57725697630303,63.25145495933238,False,False,False,False,False,True,False,True,False,False,False,False,False,False,False,False,False,7,0,0,7,EURUSD_monthly_complete_holloway.csv
2016-11-01,1.09761,1.12991,1.05176,1.0587,40.19999999999999,70.2,36.07327965997522,63.33009488536052,False,True,False,True,False,False,False,False,False,False,False,False,False,False,False,False,True,8,0,1,0,EURUSD_monthly_complete_holloway.csv
2016-12-01,1.05891,1.08734,1.03249,1.05068,32.7,83.1,36.107971769975094,64.2835276368077,False,False,False,True,True,False,False,False,False,False,False,False,False,True,False,False,False,0,1,2,0,EURUSD_monthly_complete_holloway.csv
2017-01-01,1.051,1.0812,1.03399,1.07968,28.5,89.10000000000001,35.76034604257958,65.78521233688684,False,False,False,True,False,False,False,False,False,False,False,False,False,False,False,False,False,0,2,3,0,EURUSD_monthly_complete_holloway.csv
2017-02-01,1.07958,1.08284,1.04933,1.05757,24.9,86.70000000000002,35.0638032579497,67.36545365628331,False,False,False,False,False,False,False,False,False,False,False,False,False,False,False,False,False,0,3,4,0,EURUSD_monthly_complete_holloway.csv
2017-03-01,1.05731,1.09057,1.04946,1.06462,22.2,84.60000000000001,34.14075484666695,68.86261443858592,False,False,False,False,False,False,False,False,False,False,False,False,False,False,False,False,False,0,4,5,0,EURUSD_monthly_complete_holloway.csv
2017-04-01,1.06591,1.09506,1.05695,1.08921,25.499999999999993,73.2,33.34502974358968,69.66424281982266,False,False,False,False,False,False,False,False,False,False,False,False,False,False,False,False,False,0,5,6,0,EURUSD_monthly_complete_holloway.csv
2017-05-01,1.09086,1.1268,1.08387,1.1243,35.400000000000006,58.79999999999999,33.10739446544885,69.47858452427562,True,False,True,False,False,False,False,False,False,False,False,False,False,False,False,True,False,1,0,0,1,EURUSD_monthly_complete_holloway.csv
2017-06-01,1.12429,1.14451,1.11186,1.14254,42.0,47.1,33.41559843122841,68.28528717037484,False,False,True,False,False,False,False,False,False,False,False,False,False,False,False,False,False,2,0,0,2,EURUSD_monthly_complete_holloway.csv
2017-07-01,1.14175,1.18446,1.13121,1.18397,57.9,33.9,34.800211414002554,66.07685573607293,False,False,True,False,False,True,False,True,False,False,False,False,False,False,False,False,False,3,0,0,3,EURUSD_monthly_complete_holloway.csv
2017-08-01,1.18397,1.20699,1.16619,1.19039,68.4,22.8,37.052279240844676,62.988336744806745,False,False,True,False,False,True,False,True,False,False,False,False,False,False,False,False,False,4,0,0,4,EURUSD_monthly_complete_holloway.csv
2017-09-01,1.19039,1.20921,1.17171,1.18131,74.70000000000002,16.5,39.885971041177065,59.31089977228373,False,False,True,False,False,True,False,True,False,False,False,False,False,False,False,False,False,5,0,0,5,EURUSD_monthly_complete_holloway.csv
2017-10-01,1.17945,1.18797,1.15742,1.16457,76.20000000000002,12.899999999999999,42.986287380420166,55.27598767192066,False,False,True,False,False,True,False,True,False,False,False,False,False,False,False,False,False,6,0,0,6,EURUSD_monthly_complete_holloway.csv
2017-11-01,1.16451,1.19611,1.1554,1.19035,85.8,11.399999999999999,46.56187298551797,51.25044711341487,False,False,True,False,False,True,False,True,False,False,False,False,False,False,False,False,False,7,0,0,7,EURUSD_monthly_complete_holloway.csv
2017-12-01,1.19031,1.20255,1.17175,1.20045,90.6,7.8,50.33784121654964,47.210475534514146,False,False,True,False,False,False,False,False,True,False,False,False,False,False,False,False,False,8,0,0,8,EURUSD_monthly_complete_holloway.csv
2018-01-01,1.20088,1.25378,1.19155,1.24132,90.30000000000001,6.300000000000001,54.06179411064864,43.171094015636356,False,False,False,False,False,False,False,False,True,False,False,False,False,False,False,False,False,9,0,0,9,EURUSD_monthly_complete_holloway.csv
2018-02-01,1.24132,1.25554,1.21878,1.21929,88.80000000000001,5.4,57.58443354976437,39.28422902192141,False,False,False,False,False,False,False,False,True,False,False,False,False,False,False,False,False,10,0,0,10,EURUSD_monthly_complete_holloway.csv
2018-03-01,1.21924,1.24763,1.21546,1.23218,81.30000000000001,7.5,60.415688415155884,35.85047056473577,False,False,False,False,False,False,False,False,True,False,False,False,False,False,False,False,False,11,0,0,11,EURUSD_monthly_complete_holloway.csv
2018-04-01,1.23192,1.24137,1.20553,1.20774,67.8,15.3,62.082083101223105,33.247201905077816,False,False,False,False,False,False,False,False,True,False,False,False,False,False,False,False,False,12,0,0,12,EURUSD_monthly_complete_holloway.csv
2018-05-01,1.20772,1.2084,1.15098,1.16906,56.400000000000006,25.199999999999996,62.55725210725898,31.7283626844596,False,False,False,False,False,False,False,False,True,False,False,False,False,False,False,False,False,0,1,0,13,EURUSD_monthly_complete_holloway.csv
2018-06-01,1.16879,1.18519,1.15078,1.16831,46.8,33.599999999999994,61.91878667681734,31.29584995298551,False,True,False,True,False,False,False,False,True,False,False,False,False,False,False,False,True,0,2,1,0,EURUSD_monthly_complete_holloway.csv
2018-07-01,1.16841,1.17908,1.15747,1.16906,41.7,41.1,60.440840361547,31.91721852265811,False,False,False,True,False,False,False,False,True,False,False,False,False,False,False,False,False,0,3,2,0,EURUSD_monthly_complete_holloway.csv
2018-08-01,1.16895,1.17333,1.13006,1.16021,33.3,50.699999999999996,58.11670597020034,33.496517916326084,False,False,False,True,False,True,True,False,True,False,False,False,False,False,False,False,False,0,4,3,0,EURUSD_monthly_complete_holloway.csv
2018-09-01,1.15955,1.18148,1.15255,1.1602,33.0,50.4,55.53515902893453,35.43158391740867,False,False,False,False,False,True,True,False,True,False,False,False,False,False,False,False,False,0,5,4,0,EURUSD_monthly_complete_holloway.csv
2018-10-01,1.16156,1.16243,1.13017,1.13135,24.900000000000002,55.5,52.43234168666942,37.813243846463536,False,False,False,True,False,True,True,False,True,False,False,False,False,False,False,False,False,0,6,5,0,EURUSD_monthly_complete_holloway.csv
2018-11-01,1.13134,1.14994,1.12153,1.13155,18.3,68.40000000000002,49.00635748809878,40.89005440286077,False,False,False,True,False,True,True,False,True,False,False,False,False,False,False,False,False,0,7,6,0,EURUSD_monthly_complete_holloway.csv
2018-12-01,1.13499,1.14855,1.12694,1.14558,16.8,75.9,45.405237584165505,44.47954555475931,False,False,False,True,False,True,True,False,True,False,False,False,False,False,False,False,False,0,8,7,0,EURUSD_monthly_complete_holloway.csv
2019-01-01,1.14454,1.15698,1.12889,1.14461,19.5,72.30000000000001,42.21495514592711,47.74020491482604,False,False,False,False,False,False,False,False,False,False,False,False,False,False,False,False,False,0,9,8,0,EURUSD_monthly_complete_holloway.csv
2019-02-01,1.14468,1.1488,1.12336,1.13696,18.9,68.4,39.35421490031891,50.484778014081854,False,False,False,False,False,False,False,False,False,False,False,False,False,False,False,False,False,0,10,9,0,EURUSD_monthly_complete_holloway.csv
2019-03-01,1.13697,1.14477,1.11756,1.12166,15.299999999999999,70.8,36.7497544721509,52.88389829440175,False,False,False,True,False,False,False,False,False,False,False,False,False,False,False,False,False,0,11,10,0,EURUSD_monthly_complete_holloway.csv
2019-04-01,1.12258,1.13235,1.11105,1.1214,11.700000000000001,72.9,34.36315430302278,54.951648494248424,False,False,False,True,False,False,False,False,False,False,False,False,False,False,False,False,False,0,12,11,0,EURUSD_monthly_complete_holloway.csv
2019-05-01,1.12148,1.12644,1.11066,1.11676,9.0,74.39999999999999,32.203358719862614,56.74291043197468,False,False,False,True,False,False,False,False,False,False,False,False,False,False,False,False,False,0,13,12,0,EURUSD_monthly_complete_holloway.csv
2019-06-01,1.11644,1.14116,1.11596,1.13693,18.0,64.80000000000001,30.857056707644638,57.69154288416763,False,False,False,False,False,False,False,False,False,False,False,False,False,False,False,False,False,0,14,13,0,EURUSD_monthly_complete_holloway.csv
2019-07-01,1.1367,1.13707,1.10601,1.10749,15.600000000000001,72.9,29.746390650714865,58.75718999293201,False,False,False,True,False,False,False,False,False,False,False,False,False,False,False,False,False,0,15,14,0,EURUSD_monthly_complete_holloway.csv
2019-08-01,1.10749,1.12495,1.0963,1.09893,13.200000000000001,79.2,28.72524413491502,60.02419204302373,False,False,False,True,False,False,False,False,False,False,False,False,False,False,False,False,False,0,16,15,0,EURUSD_monthly_complete_holloway.csv
2019-09-01,1.09899,1.11094,1.08846,1.08991,10.5,82.80000000000001,27.725057318789055,61.43124791694594,False,False,False,True,False,False,False,False,False,False,False,False,False,False,False,False,False,0,17,16,0,EURUSD_monthly_complete_holloway.csv
2019-10-01,1.08991,1.11793,1.0879,1.11514,22.8,78.3,27.38637247624532,62.61732961448299,False,False,False,False,False,False,False,False,False,False,False,False,False,False,False,False,False,0,18,17,0,EURUSD_monthly_complete_holloway.csv
2019-11-01,1.11514,1.11753,1.0981,1.10152,25.5,79.8,27.335509138882827,63.837985172260915,False,False,False,True,False,False,False,False,False,False,False,False,False,False,False,False,False,0,19,18,0,EURUSD_monthly_complete_holloway.csv
2019-12-01,1.10241,1.12392,1.10029,1.12171,34.199999999999996,68.10000000000001,27.89889471655389,64.33507777225851,True,False,True,False,False,False,False,False,False,False,False,False,False,False,False,True,False,1,0,19,0,EURUSD_monthly_complete_holloway.csv
2020-01-01,1.12132,1.12143,1.09922,1.10943,35.7,63.60000000000001,28.739264556992072,64.36752125202925,False,False,True,False,False,False,False,False,False,False,False,False,False,False,False,False,False,2,0,0,1,EURUSD_monthly_complete_holloway.csv
2020-02-01,1.10907,1.10927,1.07775,1.10293,30.6,68.7,29.315646581133024,64.48906782897824,False,True,False,True,False,False,False,False,False,False,False,False,False,False,False,False,True,3,0,1,0,EURUSD_monthly_complete_holloway.csv
2020-03-01,1.10407,1.14964,1.06355,1.10349,36.300000000000004,80.7,30.080901150638994,65.26167460996756,False,False,True,True,False,False,False,False,False,False,False,False,False,False,False,False,False,4,0,2,0,EURUSD_monthly_complete_holloway.csv
2020-04-01,1.10299,1.1039,1.07269,1.09507,37.2,79.80000000000003,30.84513969615329,66.14852556379604,False,False,True,False,False,False,False,False,False,False,False,False,False,False,False,False,False,5,0,3,0,EURUSD_monthly_complete_holloway.csv
2020-05-01,1.09485,1.1145,1.07664,1.11076,40.49999999999999,67.5,31.704893363685244,66.50753961275224,False,False,True,False,True,False,False,False,False,False,False,False,False,False,True,False,False,6,0,4,0,EURUSD_monthly_complete_holloway.csv
2020-06-01,1.1115,1.14222,1.11003,1.12336,48.90000000000001,54.3,33.00255220018739,66.07818765737578,False,False,True,False,False,False,False,False,False,False,False,False,False,False,False,False,False,7,0,0,1,EURUSD_monthly_complete_holloway.csv
2020-07-01,1.1234,1.19086,1.11847,1.17713,54.3,43.800000000000004,34.68793999734476,64.80646538288109,False,False,True,False,False,False,False,False,False,False,False,False,False,False,False,False,False,8,0,0,2,EURUSD_monthly_complete_holloway.csv
2020-08-01,1.17697,1.1966,1.16957,1.19361,66.60000000000001,33.60000000000001,37.10547400425368,62.63464181286707,False,False,True,False,False,True,False,True,False,False,False,False,False,False,False,False,False,9,0,0,3,EURUSD_monthly_complete_holloway.csv
2020-09-01,1.19358,1.20108,1.16122,1.1721,73.80000000000001,32.099999999999994,40.02616899723686,60.100998453617635,False,False,True,False,False,True,False,True,False,False,False,False,False,False,False,False,False,10,0,0,4,EURUSD_monthly_complete_holloway.csv
2020-10-01,1.1721,1.18806,1.16398,1.16462,78.0,29.699999999999996,43.20132695303594,57.35617580384797,False,False,True,False,False,True,False,True,False,False,False,False,False,False,False,False,False,11,0,0,5,EURUSD_monthly_complete_holloway.csv
2020-11-01,1.16468,1.20034,1.16019,1.19256,87.9,26.700000000000006,46.874949567934976,54.48094668779936,False,False,True,False,False,True,False,True,False,False,False,False,False,False,False,False,False,12,0,0,6,EURUSD_monthly_complete_holloway.csv
2020-12-01,1.19261,1.23099,1.19253,1.22155,94.50000000000001,18.3,50.803646033294,51.34090018789482,False,False,True,False,False,True,False,True,False,False,False,False,False,False,False,False,False,13,0,0,7,EURUSD_monthly_complete_holloway.csv
2021-01-01,1.22395,1.23494,1.20536,1.21353,97.80000000000001,13.200000000000001,54.83390680749603,48.0444163286358,False,False,True,False,False,False,False,False,True,False,False,False,False,False,False,False,False,14,0,0,8,EURUSD_monthly_complete_holloway.csv
2021-02-01,1.21301,1.22432,1.19522,1.20727,90.60000000000001,13.8,58.33563093344914,44.816023349734294,False,False,False,False,False,False,False,False,True,False,False,False,False,False,False,False,False,15,0,0,9,EURUSD_monthly_complete_holloway.csv
2021-03-01,1.20688,1.21132,1.17041,1.17298,76.80000000000001,20.700000000000003,60.75546656965139,42.104265583900876,False,False,False,False,False,False,False,False,True,False,False,False,False,False,False,False,False,16,0,0,10,EURUSD_monthly_complete_holloway.csv
2021-04-01,1.17298,1.21502,1.17124,1.20208,79.20000000000002,17.7,62.7500608802516,39.59924099396966,False,False,True,False,False,False,False,False,True,False,False,False,False,False,False,False,False,17,0,0,11,EURUSD_monthly_complete_holloway.csv
2021-05-01,1.20301,1.22664,1.1986,1.2225,77.7,14.7,64.24070831417232,37.29955887558207,False,False,False,False,False,False,False,False,True,False,False,False,False,False,False,False,False,18,0,0,12,EURUSD_monthly_complete_holloway.csv
2021-06-01,1.22254,1.22543,1.18452,1.1856,65.1,23.1,64.71698287851014,35.74277609935889,False,False,False,False,False,False,False,False,True,False,False,False,False,False,False,False,False,19,0,0,13,EURUSD_monthly_complete_holloway.csv
2021-07-01,1.18559,1.19087,1.17519,1.1873,54.300000000000004,27.9,64.23332072051954,34.81390057966343,False,False,False,False,False,False,False,False,True,False,False,False,False,False,False,False,False,0,1,0,14,EURUSD_monthly_complete_holloway.csv
2021-08-01,1.18641,1.18997,1.1664,1.18083,44.1,32.39999999999999,62.83169587453566,34.479011330004596,False,False,False,False,False,False,False,False,True,False,False,False,False,False,False,False,False,0,2,0,15,EURUSD_monthly_complete_holloway.csv
2021-09-01,1.18078,1.19091,1.15626,1.15769,41.7,43.20000000000001,60.85037796726223,35.14500877285227,False,True,False,True,False,True,True,False,True,False,False,False,False,False,False,False,True,0,3,1,0,EURUSD_monthly_complete_holloway.csv
2021-10-01,1.1574,1.1692,1.15242,1.1562,31.8,58.5,58.15939474273443,36.88693859900176,False,False,False,True,False,True,True,False,True,False,False,False,False,False,False,False,False,0,4,2,0,EURUSD_monthly_complete_holloway.csv
2021-11-01,1.15626,1.16162,1.11861,1.1338,24.599999999999994,65.4,54.99087639926526,39.265641631763486,False,False,False,True,False,True,True,False,True,False,False,False,False,False,False,False,False,0,5,3,0,EURUSD_monthly_complete_holloway.csv
2021-12-01,1.1335,1.13861,1.12217,1.13755,21.900000000000002,76.5,51.69247520513851,42.419018296444946,False,False,False,True,False,True,True,False,True,False,False,False,False,False,False,False,False,0,6,4,0,EURUSD_monthly_complete_holloway.csv
2022-01-01,1.13693,1.14829,1.11214,1.12333,20.7,87.30000000000003,48.34725089175173,46.340880446868205,False,False,False,True,False,True,True,False,True,False,False,False,False,False,False,False,False,0,7,5,0,EURUSD_monthly_complete_holloway.csv
2022-02-01,1.12315,1.1495,1.11063,1.12178,21.0,102.0,45.24472099651441,51.090283051945846,False,False,False,True,False,False,False,False,False,False,False,False,False,False,False,False,False,0,8,6,0,EURUSD_monthly_complete_holloway.csv
2022-03-01,1.12177,1.12331,1.0806,1.10665,17.4,103.80000000000001,42.235218773660584,56.03708035537411,False,False,False,True,False,False,False,False,False,False,False,False,False,False,False,False,False,0,9,7,0,EURUSD_monthly_complete_holloway.csv
2022-04-01,1.10656,1.10757,1.04709,1.0546,14.100000000000001,102.30000000000001,39.40641608914683,60.75069404033824,False,False,False,False,False,False,False,False,False,False,False,False,False,False,False,False,False,0,10,8,0,EURUSD_monthly_complete_holloway.csv
2022-05-01,1.05421,1.07869,1.03494,1.07326,11.099999999999998,100.2,36.80093038096782,64.93810520791291,False,False,False,False,False,False,False,False,False,False,False,False,False,False,False,False,False,0,11,9,0,EURUSD_monthly_complete_holloway.csv
2022-06-01,1.0732,1.07739,1.03591,1.04827,13.8,93.90000000000002,34.60733307871873,68.18419743140052,False,False,False,False,False,False,False,False,False,False,False,False,False,False,False,False,False,0,12,10,0,EURUSD_monthly_complete_holloway.csv
2022-07-01,1.04826,1.04854,0.99522,1.02258,11.700000000000001,96.30000000000001,32.65997047679742,70.96143229850297,False,False,False,True,False,False,False,False,False,False,False,False,False,False,False,False,False,0,13,11,0,EURUSD_monthly_complete_holloway.csv
2022-08-01,1.02075,1.03688,0.99004,1.00545,9.6,93.30000000000001,30.902600199532518,73.1632259449743,False,False,False,False,False,False,False,False,False,False,False,False,False,False,False,False,False,0,14,12,0,EURUSD_monthly_complete_holloway.csv
2022-09-01,1.0051,1.01979,0.95357,0.9799,7.200000000000001,89.7,29.224694487562477,74.78643707725767,False,False,False,False,False,False,False,False,False,False,False,False,False,False,False,False,False,0,15,13,0,EURUSD_monthly_complete_holloway.csv
2022-10-01,0.97747,1.00933,0.96314,0.98827,7.8,86.70000000000002,27.755973099418842,75.86526313980227,False,False,False,False,False,False,False,False,False,False,False,False,False,False,False,False,False,0,16,14,0,EURUSD_monthly_complete_holloway.csv
2022-11-01,0.98827,1.04969,0.97302,1.04055,20.7,71.7,27.078438343165388,75.80335381348769,False,False,False,False,False,False,False,False,False,False,False,False,False,False,False,False,False,0,17,0,1,EURUSD_monthly_complete_holloway.csv
2022-12-01,1.0408,1.07363,1.0393,1.06976,27.299999999999997,60.00000000000001,27.012129056884817,74.63173183244348,True,False,True,False,False,False,False,False,False,False,False,False,False,False,False,True,False,1,0,0,2,EURUSD_monthly_complete_holloway.csv
2023-01-01,1.07016,1.09294,1.04832,1.08614,32.99999999999999,50.10000000000001,27.513602493827698,72.49776772361051,False,False,True,False,False,True,False,True,False,False,False,False,False,False,False,False,False,2,0,0,3,EURUSD_monthly_complete_holloway.csv
2023-02-01,1.08607,1.10329,1.0533,1.05741,40.8,41.400000000000006,28.586267655192454,69.57367666114243,False,False,True,False,False,True,False,True,False,False,False,False,False,False,False,False,False,3,0,0,4,EURUSD_monthly_complete_holloway.csv
2023-03-01,1.05751,1.09299,1.0516,1.08429,40.8,37.2,29.782364471511592,66.2929010568975,False,False,False,False,False,True,False,True,False,False,False,False,False,False,False,False,False,4,0,0,5,EURUSD_monthly_complete_holloway.csv
2023-04-01,1.08398,1.10956,1.07882,1.10163,50.4,26.7,31.49426793774971,62.49785811636086,False,False,True,False,False,True,False,True,False,False,False,False,False,False,False,False,False,5,0,0,6,EURUSD_monthly_complete_holloway.csv
2023-05-01,1.10119,1.10918,1.06353,1.06885,43.50000000000001,39.9,32.930350402890724,59.49982790352805,False,False,False,False,False,True,False,True,False,False,False,False,False,False,False,False,False,6,0,0,7,EURUSD_monthly_complete_holloway.csv
2023-06-01,1.06872,1.10122,1.06619,1.09092,57.599999999999994,37.50000000000001,35.10068896914662,56.71209028108944,False,False,True,False,False,True,False,True,False,False,False,False,False,False,False,False,False,7,0,0,8,EURUSD_monthly_complete_holloway.csv
2023-07-01,1.0909,1.12758,1.08336,1.09964,75.3,29.999999999999996,38.15540546856311,53.966592574314134,False,False,True,False,False,True,False,True,False,False,False,False,False,False,False,False,False,8,0,0,9,EURUSD_monthly_complete_holloway.csv
2023-08-01,1.09966,1.10653,1.07656,1.08427,77.40000000000002,25.200000000000003,41.401687429581685,51.32749923877356,False,False,True,False,False,True,False,True,False,False,False,False,False,False,False,False,False,9,0,0,10,EURUSD_monthly_complete_holloway.csv
2023-09-01,1.08428,1.08818,1.04881,1.05735,65.10000000000001,35.699999999999996,44.025678775466105,49.488422228888524,False,False,False,False,False,True,False,True,False,False,False,False,False,False,False,False,False,10,0,0,11,EURUSD_monthly_complete_holloway.csv
2023-10-01,1.05651,1.06947,1.0448,1.05752,53.699999999999996,48.00000000000001,45.80136521104691,48.696673581779876,False,False,False,False,False,True,False,True,False,False,False,False,False,False,False,False,False,11,0,0,12,EURUSD_monthly_complete_holloway.csv
2023-11-01,1.05769,1.10169,1.05166,1.08866,63.89999999999999,40.800000000000004,47.68810270395401,48.02731965566858,False,False,True,False,False,True,False,True,False,False,False,False,False,False,False,False,False,12,0,0,13,EURUSD_monthly_complete_holloway.csv
2023-12-01,1.08845,1.11396,1.07235,1.1036,70.80000000000001,33.599999999999994,49.58264546154434,47.26671153515347,False,False,True,False,False,False,False,False,True,False,False,False,False,False,False,False,False,13,0,0,14,EURUSD_monthly_complete_holloway.csv
2024-01-01,1.10437,1.10451,1.07945,1.08174,66.60000000000001,36.60000000000001,51.1012007025101,46.75752922249362,False,False,False,False,False,False,False,False,True,False,False,False,False,False,False,False,False,14,0,0,15,EURUSD_monthly_complete_holloway.csv
2024-02-01,1.08173,1.08976,1.06945,1.08038,67.50000000000001,36.60000000000001,52.50233290832074,46.36391975040435,False,False,True,False,False,False,False,False,True,False,False,False,False,False,False,False,False,15,0,0,16,EURUSD_monthly_complete_holloway.csv
2024-03-01,1.08045,1.09813,1.07678,1.07917,68.10000000000001,33.3,53.76949944952253,45.80556553173225,False,False,True,False,False,False,False,False,True,False,False,False,False,False,False,False,False,16,0,0,17,EURUSD_monthly_complete_holloway.csv
2024-04-01,1.0787,1.0885,1.06011,1.06655,56.7,36.89999999999999,54.235967820485314,45.40413007028724,False,False,False,False,False,False,False,False,True,False,False,False,False,False,False,False,False,17,0,0,18,EURUSD_monthly_complete_holloway.csv
2024-05-01,1.0665,1.08949,1.06494,1.08474,66.9,30.6,54.94896677738532,44.603727490349236,False,False,True,False,False,False,False,False,True,False,False,False,False,False,False,False,False,18,0,0,19,EURUSD_monthly_complete_holloway.csv
2024-06-01,1.085,1.0916,1.06659,1.07116,63.0,28.799999999999997,55.392914181055296,43.62845878136468,False,False,False,False,False,False,False,False,True,False,False,False,False,False,False,False,False,19,0,0,20,EURUSD_monthly_complete_holloway.csv
2024-07-01,1.0745,1.0948,1.0712,1.08247,67.5,21.6,55.9859477520137,42.21105871245307,False,False,True,False,False,False,False,False,True,False,False,False,False,False,False,False,False,20,0,0,21,EURUSD_monthly_complete_holloway.csv
2024-08-01,1.08238,1.12014,1.07773,1.10465,74.40000000000002,18.0,56.9554140957857,40.49969195352732,False,False,True,False,False,False,False,False,True,False,False,False,False,False,False,False,False,21,0,0,22,EURUSD_monthly_complete_holloway.csv
2024-09-01,1.10461,1.1214,1.10018,1.11341,78.60000000000002,14.4,58.2314257116781,38.53345694422677,False,False,True,False,False,False,False,False,True,False,False,False,False,False,False,False,False,22,0,0,23,EURUSD_monthly_complete_holloway.csv
2024-10-01,1.11334,1.11439,1.07611,1.08817,77.7,12.899999999999999,59.59761512690044,36.370087159112494,False,False,False,False,False,False,False,False,True,False,False,False,False,False,False,False,False,23,0,0,24,EURUSD_monthly_complete_holloway.csv
2024-11-01,1.08817,1.09369,1.03313,1.05755,64.2,24.0,60.3162738059529,34.802631521495044,False,False,False,False,False,False,False,False,True,False,False,False,False,False,False,False,False,24,0,0,25,EURUSD_monthly_complete_holloway.csv
2024-12-01,1.057,1.06296,1.03428,1.03493,54.599999999999994,44.10000000000001,60.37575251306632,34.53908068068611,False,True,False,True,True,False,False,False,True,False,False,False,False,True,False,False,True,0,1,1,0,EURUSD_monthly_complete_holloway.csv
2025-01-01,1.03515,1.0533,1.01772,1.0364,44.40000000000001,58.5,59.632923246568296,35.47932697644871,False,False,False,True,False,False,False,False,True,False,False,False,False,False,False,False,False,0,2,2,0,EURUSD_monthly_complete_holloway.csv
2025-02-01,1.02509,1.05286,1.02111,1.03743,38.699999999999996,66.60000000000001,58.20759415277048,37.422486873100375,False,False,False,True,False,False,False,False,True,False,False,False,False,False,False,False,False,0,3,3,0,EURUSD_monthly_complete_holloway.csv
2025-03-01,1.04025,1.09546,1.03885,1.08139,45.00000000000001,57.6,56.89642609385742,39.30453789026278,False,False,False,False,False,True,True,False,True,False,False,False,False,False,False,False,False,0,4,4,0,EURUSD_monthly_complete_holloway.csv
2025-04-01,1.0813,1.15727,1.07779,1.13265,52.500000000000014,49.8,56.01046972944144,40.84634732785111,False,False,False,False,False,True,True,False,True,False,False,False,False,False,False,False,False,0,5,5,0,EURUSD_monthly_complete_holloway.csv
2025-05-01,1.13259,1.14181,1.1065,1.13457,56.1,45.0,55.47871375444254,41.97899262162541,True,False,True,False,False,True,True,False,True,False,False,False,False,False,False,True,False,1,0,6,0,EURUSD_monthly_complete_holloway.csv
2025-06-01,1.1346,1.17881,1.13398,1.17862,69.6,36.9,55.924197396118416,42.4260836014716,False,False,True,False,True,False,False,False,True,False,False,False,False,False,True,False,False,2,0,0,1,EURUSD_monthly_complete_holloway.csv
2025-07-01,1.17849,1.18293,1.14002,1.14136,77.1,28.499999999999996,57.02459540587105,42.20217056740215,False,False,True,False,False,False,False,False,True,False,False,False,False,False,False,False,False,3,0,0,2,EURUSD_monthly_complete_holloway.csv
2025-08-01,1.14119,1.1742,1.1391,1.16825,79.2,22.2,58.57826975564485,41.23189081940255,False,False,True,False,False,False,False,False,True,False,False,False,False,False,False,False,False,4,0,0,3,EURUSD_monthly_complete_holloway.csv
2025-09-01,1.16943,1.19185,1.16077,1.1733,85.80000000000001,13.200000000000001,60.52263482291796,39.549729273678004,False,False,True,False,False,False,False,False,True,False,False,False,False,False,False,False,False,5,0,0,4,EURUSD_monthly_complete_holloway.csv
2025-10-01,1.17339,1.17789,1.17152,1.17395,91.20000000000003,9.899999999999999,62.7340794306989,37.51002466923597,False,False,True,False,False,False,False,False,True,False,False,False,False,False,False,False,False,6,0,0,5,EURUSD_monthly_complete_holloway.csv
